Subject,Verb,Action,Purpose,Context,Technology
Humans,explore,creative hobbies,for fulfillment,without work,AI advancements
Education,transform,new curriculums,for growth,beyond work,robotic aids
Society,organize,community projects,for engagement,without jobs,automation tools
Mental health,develop,new therapies,for mental stability,with no workplace,AI therapies
Families,nurture,deeper relationships,for closeness,in a jobless world,smart homes
Individuals,dedicate,personal routines,for balance,in leisure,AI routines
People,turn to,virtual realities,for excitement,in an automated world,immersive tech
Cities,revitalize,public spaces,for living,in a job-free era,smart city systems
Citizens,introduce,welfare programs,for security,in a work-free environment,universal tech access
Governments,adapt,innovative policies,for resilience,in a post-work society,tech-driven governance
Technology,enhances,automation and AI capabilities,for efficiency,in every industry,robotic automation
Robots and AI,automate,all labor,freeing humans,from daily tasks,AI maintenance
Technology,accelerates,automation processes,for efficiency,in an AI-driven world,smart algorithms
